,satisfaction,Customer Type,Age,Type of Travel,Class,Flight Distance,Baggage handling
0,dissatisfied,disloyal Customer,8,Business travel,Eco,2436,3
1,dissatisfied,disloyal Customer,72,Business travel,Eco,1718,4
2,dissatisfied,Loyal Customer,37,Business travel,Business,1931,5
3,dissatisfied,Loyal Customer,26,Business travel,Eco,3407,4
4,dissatisfied,Loyal Customer,27,Business travel,Business,1299,3
5,dissatisfied,Loyal Customer,30,Business travel,Business,3461,3
6,dissatisfied,Loyal Customer,51,Personal Travel,Business,1254,2
7,dissatisfied,Loyal Customer,36,Personal Travel,Eco Plus,1305,4
8,dissatisfied,Loyal Customer,59,Business travel,Eco,1549,3
9,dissatisfied,Loyal Customer,70,Business travel,Eco Plus,2274,3
10,dissatisfied,Loyal Customer,23,Personal Travel,Eco,1861,4
11,dissatisfied,Loyal Customer,43,Business travel,Business,621,4
12,dissatisfied,Loyal Customer,61,Business travel,Eco Plus,1214,3
13,dissatisfied,Loyal Customer,32,Personal Travel,Eco,2414,5
14,dissatisfied,disloyal Customer,35,Business travel,Business,1685,4
15,dissatisfied,Loyal Customer,27,Personal Travel,Eco,1610,4
16,dissatisfied,Loyal Customer,28,Business travel,Eco,1937,3
17,dissatisfied,disloyal Customer,35,Business travel,Business,2098,5
18,dissatisfied,Loyal Customer,39,Business travel,Eco,2518,4
19,dissatisfied,Loyal Customer,67,Personal Travel,Eco Plus,1413,1
20,dissatisfied,disloyal Customer,13,Business travel,Eco,1803,4
21,dissatisfied,Loyal Customer,33,Business travel,Business,2889,2
22,dissatisfied,disloyal Customer,17,Business travel,Eco,2701,3
23,dissatisfied,disloyal Customer,22,Business travel,Eco,2296,3
24,dissatisfied,Loyal Customer,61,Personal Travel,Business,354,3
25,dissatisfied,Loyal Customer,15,Business travel,Eco,2050,4
26,dissatisfied,Loyal Customer,35,Personal Travel,Eco,2647,5
27,dissatisfied,Loyal Customer,11,Personal Travel,Business,1610,4
28,dissatisfied,Loyal Customer,48,Business travel,Business,3905,4
29,dissatisfied,Loyal Customer,22,Business travel,Business,1921,4
30,dissatisfied,Loyal Customer,19,Personal Travel,Eco,2546,3
31,dissatisfied,Loyal Customer,55,Business travel,Business,1620,1
32,dissatisfied,Loyal Customer,69,Personal Travel,Eco,3134,5
33,dissatisfied,disloyal Customer,22,Business travel,Eco,1821,4
34,dissatisfied,Loyal Customer,36,Personal Travel,Eco,2624,4
35,dissatisfied,disloyal Customer,25,Business travel,Business,3490,4
36,dissatisfied,disloyal Customer,27,Business travel,Eco,1392,4
37,dissatisfied,disloyal Customer,23,Business travel,Eco,1138,5
38,dissatisfied,Loyal Customer,68,Personal Travel,Eco,1097,4
39,dissatisfied,Loyal Customer,38,Business travel,Business,513,2
40,dissatisfied,Loyal Customer,65,Business travel,Eco Plus,383,2
41,dissatisfied,Loyal Customer,63,Business travel,Eco,420,2
42,dissatisfied,Loyal Customer,62,Business travel,Business,1570,2
43,dissatisfied,Loyal Customer,67,Personal Travel,Eco,1655,5
44,dissatisfied,Loyal Customer,62,Business travel,Business,2217,4
45,dissatisfied,Loyal Customer,54,Business travel,Business,335,3
46,dissatisfied,Loyal Customer,39,Business travel,Eco,1185,4
47,dissatisfied,disloyal Customer,29,Business travel,Business,2803,4
48,dissatisfied,Loyal Customer,16,Personal Travel,Eco,1624,5
49,dissatisfied,disloyal Customer,58,Business travel,Eco,1667,4
50,dissatisfied,disloyal Customer,26,Business travel,Eco,1635,4
51,dissatisfied,Loyal Customer,67,Personal Travel,Eco,1743,2
52,dissatisfied,Loyal Customer,38,Personal Travel,Eco,1837,5
53,dissatisfied,Loyal Customer,45,Business travel,Eco Plus,564,2
54,dissatisfied,disloyal Customer,72,Business travel,Eco Plus,1855,4
55,dissatisfied,disloyal Customer,24,Business travel,Eco,1437,4
56,dissatisfied,Loyal Customer,69,Personal Travel,Business,656,5
57,dissatisfied,disloyal Customer,23,Business travel,Eco,1931,2
58,dissatisfied,disloyal Customer,38,Business travel,Business,1153,5
59,dissatisfied,Loyal Customer,24,Personal Travel,Eco,2962,5
60,dissatisfied,Loyal Customer,56,Personal Travel,Eco,1248,5
61,dissatisfied,Loyal Customer,9,Personal Travel,Eco,1936,3
62,dissatisfied,Loyal Customer,51,Personal Travel,Eco,2583,4
63,dissatisfied,Loyal Customer,69,Personal Travel,Eco,4048,2
64,dissatisfied,Loyal Customer,46,Personal Travel,Eco,1238,3
65,dissatisfied,disloyal Customer,25,Business travel,Business,1668,5
66,dissatisfied,Loyal Customer,55,Personal Travel,Eco,2242,5
67,dissatisfied,Loyal Customer,49,Business travel,Business,3664,4
68,dissatisfied,disloyal Customer,27,Business travel,Eco,2147,3
69,dissatisfied,disloyal Customer,65,Business travel,Business,1582,4
70,dissatisfied,disloyal Customer,39,Business travel,Business,1824,5
71,dissatisfied,Loyal Customer,36,Business travel,Business,514,4
72,dissatisfied,disloyal Customer,23,Business travel,Eco,1354,5
73,dissatisfied,Loyal Customer,53,Business travel,Business,2780,5
74,dissatisfied,Loyal Customer,39,Business travel,Eco,1388,4
75,dissatisfied,Loyal Customer,47,Business travel,Eco,712,3
76,dissatisfied,disloyal Customer,27,Business travel,Business,2649,5
77,dissatisfied,disloyal Customer,26,Business travel,Eco,2929,3
78,dissatisfied,Loyal Customer,25,Business travel,Business,4506,4
79,dissatisfied,Loyal Customer,10,Personal Travel,Eco,1513,4
80,dissatisfied,Loyal Customer,12,Business travel,Business,2190,4
81,dissatisfied,Loyal Customer,55,Personal Travel,Eco Plus,1704,5
82,dissatisfied,disloyal Customer,57,Business travel,Business,2257,3
83,dissatisfied,Loyal Customer,9,Personal Travel,Eco,1207,4
84,dissatisfied,Loyal Customer,13,Personal Travel,Eco,2473,5
85,dissatisfied,disloyal Customer,29,Business travel,Eco,2176,2
86,dissatisfied,Loyal Customer,42,Personal Travel,Eco,1237,5
87,dissatisfied,Loyal Customer,50,Personal Travel,Eco,1741,4
88,dissatisfied,Loyal Customer,30,Business travel,Business,2291,4
89,dissatisfied,Loyal Customer,45,Personal Travel,Eco,1813,4
90,dissatisfied,disloyal Customer,35,Business travel,Business,2370,4
91,dissatisfied,Loyal Customer,43,Personal Travel,Eco,2164,4
92,dissatisfied,Loyal Customer,14,Personal Travel,Business,2420,1
93,dissatisfied,Loyal Customer,25,Personal Travel,Eco,1478,5
94,dissatisfied,disloyal Customer,29,Business travel,Eco,2545,2
95,dissatisfied,Loyal Customer,44,Personal Travel,Eco,1362,3
96,dissatisfied,disloyal Customer,25,Business travel,Eco,1562,2
97,dissatisfied,disloyal Customer,23,Business travel,Business,2695,4
98,dissatisfied,Loyal Customer,45,Personal Travel,Eco,1436,3
99,dissatisfied,disloyal Customer,22,Business travel,Eco,2023,2
100,dissatisfied,Loyal Customer,71,Business travel,Business,1594,1
101,dissatisfied,disloyal Customer,18,Business travel,Eco,1628,5
102,dissatisfied,disloyal Customer,25,Business travel,Eco,1476,4
103,dissatisfied,Loyal Customer,46,Business travel,Business,2110,3
104,dissatisfied,Loyal Customer,46,Personal Travel,Eco,1769,4
105,dissatisfied,disloyal Customer,36,Business travel,Eco,1498,4
106,dissatisfied,disloyal Customer,59,Business travel,Eco,1956,5
107,dissatisfied,Loyal Customer,31,Business travel,Eco Plus,1966,3
108,dissatisfied,disloyal Customer,37,Business travel,Eco,1615,3
109,dissatisfied,Loyal Customer,47,Business travel,Business,3296,1
110,dissatisfied,Loyal Customer,12,Personal Travel,Eco,2593,2
111,dissatisfied,Loyal Customer,24,Personal Travel,Eco,1560,5
112,dissatisfied,Loyal Customer,35,Business travel,Business,1798,1
113,dissatisfied,Loyal Customer,18,Business travel,Eco,2318,4
114,dissatisfied,Loyal Customer,23,Business travel,Eco Plus,2402,3
115,dissatisfied,Loyal Customer,53,Business travel,Eco Plus,97,2
116,dissatisfied,disloyal Customer,20,Personal Travel,Eco,2225,4
117,dissatisfied,Loyal Customer,65,Personal Travel,Eco,2747,2
118,dissatisfied,Loyal Customer,47,Business travel,Business,981,2
119,dissatisfied,Loyal Customer,65,Business travel,Eco,910,3
120,dissatisfied,Loyal Customer,62,Business travel,Eco,495,3
121,dissatisfied,Loyal Customer,42,Business travel,Eco,2351,3
122,dissatisfied,Loyal Customer,52,Business travel,Eco,935,3
123,dissatisfied,Loyal Customer,19,Personal Travel,Eco Plus,1714,5
124,dissatisfied,Loyal Customer,60,Business travel,Eco,3683,4
125,dissatisfied,disloyal Customer,52,Business travel,Eco Plus,2144,4
126,dissatisfied,disloyal Customer,39,Business travel,Business,1429,5
127,dissatisfied,Loyal Customer,26,Business travel,Business,2965,4
128,dissatisfied,Loyal Customer,32,Business travel,Business,3650,4
129,dissatisfied,disloyal Customer,24,Business travel,Eco,3944,3
130,dissatisfied,Loyal Customer,35,Business travel,Business,3565,2
131,dissatisfied,disloyal Customer,28,Business travel,Business,1718,5
132,dissatisfied,disloyal Customer,20,Business travel,Eco,1555,5
133,dissatisfied,Loyal Customer,60,Personal Travel,Eco,2839,4
134,dissatisfied,Loyal Customer,17,Personal Travel,Eco,2606,5
135,dissatisfied,disloyal Customer,30,Business travel,Business,3032,4
136,dissatisfied,Loyal Customer,44,Business travel,Eco Plus,404,3
137,dissatisfied,disloyal Customer,22,Business travel,Eco,1772,1
138,dissatisfied,disloyal Customer,22,Business travel,Business,1869,2
139,dissatisfied,Loyal Customer,35,Personal Travel,Eco,2398,3
140,dissatisfied,Loyal Customer,38,Personal Travel,Business,286,1
141,dissatisfied,Loyal Customer,34,Personal Travel,Eco,2156,5
142,dissatisfied,Loyal Customer,13,Personal Travel,Eco,2109,5
143,dissatisfied,disloyal Customer,35,Business travel,Eco,1527,2
144,dissatisfied,disloyal Customer,17,Business travel,Eco,2191,3
145,dissatisfied,Loyal Customer,50,Personal Travel,Eco,2306,5
146,dissatisfied,Loyal Customer,35,Business travel,Business,395,2
147,dissatisfied,Loyal Customer,57,Business travel,Business,342,3
148,dissatisfied,disloyal Customer,38,Business travel,Business,1580,5
149,dissatisfied,Loyal Customer,36,Business travel,Eco,944,3
150,dissatisfied,Loyal Customer,67,Personal Travel,Eco,2147,2
151,dissatisfied,Loyal Customer,26,Business travel,Business,3146,4
152,dissatisfied,disloyal Customer,40,Business travel,Business,2170,5
153,dissatisfied,Loyal Customer,34,Business travel,Eco Plus,2943,3
154,dissatisfied,Loyal Customer,28,Personal Travel,Eco,3930,3
155,dissatisfied,disloyal Customer,25,Business travel,Eco,2075,5
156,dissatisfied,disloyal Customer,46,Business travel,Eco,2010,4
157,dissatisfied,Loyal Customer,54,Personal Travel,Eco Plus,1528,5
158,dissatisfied,disloyal Customer,23,Business travel,Eco,2210,5
159,dissatisfied,Loyal Customer,7,Personal Travel,Eco,2955,4
160,dissatisfied,disloyal Customer,17,Business travel,Eco,1571,2
161,dissatisfied,Loyal Customer,33,Personal Travel,Eco,2307,4
162,dissatisfied,Loyal Customer,51,Personal Travel,Eco,1698,5
163,dissatisfied,disloyal Customer,39,Business travel,Eco,1588,4
164,dissatisfied,Loyal Customer,49,Personal Travel,Eco,2226,5
165,dissatisfied,disloyal Customer,42,Business travel,Eco,1632,2
166,dissatisfied,Loyal Customer,21,Personal Travel,Eco Plus,1225,5
167,dissatisfied,Loyal Customer,59,Business travel,Business,358,3
168,dissatisfied,Loyal Customer,8,Personal Travel,Eco,2422,1
169,dissatisfied,Loyal Customer,47,Personal Travel,Eco Plus,1391,5
170,dissatisfied,disloyal Customer,21,Business travel,Eco,2038,3
171,dissatisfied,Loyal Customer,35,Business travel,Business,1899,4
172,dissatisfied,Loyal Customer,33,Business travel,Eco Plus,2274,4
173,dissatisfied,Loyal Customer,9,Personal Travel,Eco,2277,4
174,dissatisfied,Loyal Customer,65,Personal Travel,Eco Plus,2582,4
175,dissatisfied,Loyal Customer,62,Business travel,Business,2729,4
176,dissatisfied,Loyal Customer,57,Personal Travel,Eco,1674,4
177,dissatisfied,disloyal Customer,20,Business travel,Eco,2559,3
178,dissatisfied,Loyal Customer,39,Business travel,Eco,1320,2
179,dissatisfied,disloyal Customer,28,Business travel,Eco,1858,2
180,dissatisfied,Loyal Customer,65,Personal Travel,Eco,1387,4
181,dissatisfied,Loyal Customer,19,Personal Travel,Eco,1809,5
182,dissatisfied,Loyal Customer,41,Personal Travel,Eco,2067,4
183,dissatisfied,Loyal Customer,54,Business travel,Eco,2484,4
184,dissatisfied,Loyal Customer,40,Business travel,Eco,2152,4
185,dissatisfied,Loyal Customer,63,Business travel,Business,2292,3
186,dissatisfied,Loyal Customer,34,Business travel,Business,106,3
187,dissatisfied,Loyal Customer,53,Business travel,Business,1214,2
188,dissatisfied,Loyal Customer,48,Personal Travel,Eco,1178,2
189,dissatisfied,Loyal Customer,35,Personal Travel,Eco Plus,1413,1
190,dissatisfied,disloyal Customer,34,Business travel,Business,3572,5
191,dissatisfied,Loyal Customer,56,Personal Travel,Eco,1687,4
192,dissatisfied,disloyal Customer,27,Business travel,Eco,1827,3
193,dissatisfied,Loyal Customer,15,Personal Travel,Eco,1677,4
194,dissatisfied,disloyal Customer,38,Business travel,Eco,3356,3
195,dissatisfied,Loyal Customer,21,Business travel,Eco,2470,4
196,dissatisfied,disloyal Customer,43,Business travel,Business,3447,3
197,dissatisfied,Loyal Customer,37,Business travel,Business,1687,3
198,dissatisfied,disloyal Customer,34,Business travel,Business,1509,4
199,dissatisfied,Loyal Customer,50,Business travel,Eco,2151,4
200,dissatisfied,disloyal Customer,36,Business travel,Eco,1443,3
201,dissatisfied,Loyal Customer,18,Business travel,Business,3657,3
202,dissatisfied,Loyal Customer,59,Business travel,Business,1696,2
203,dissatisfied,Loyal Customer,7,Personal Travel,Eco,1412,5
204,dissatisfied,disloyal Customer,37,Business travel,Eco,2351,3
205,dissatisfied,Loyal Customer,27,Personal Travel,Eco,1971,4
206,dissatisfied,Loyal Customer,15,Personal Travel,Eco,2349,3
207,dissatisfied,Loyal Customer,47,Personal Travel,Eco,3678,4
208,dissatisfied,Loyal Customer,45,Business travel,Eco,2145,3
209,dissatisfied,Loyal Customer,22,Personal Travel,Eco Plus,4062,5
210,dissatisfied,Loyal Customer,38,Business travel,Eco,1326,4
211,dissatisfied,disloyal Customer,29,Business travel,Business,2216,5
212,dissatisfied,disloyal Customer,37,Business travel,Business,1922,5
213,dissatisfied,Loyal Customer,38,Business travel,Eco Plus,1675,4
214,dissatisfied,Loyal Customer,50,Business travel,Business,2491,3
215,dissatisfied,Loyal Customer,28,Business travel,Business,3277,4
216,dissatisfied,Loyal Customer,14,Personal Travel,Business,4027,4
217,dissatisfied,disloyal Customer,34,Business travel,Business,1918,4
218,dissatisfied,Loyal Customer,9,Personal Travel,Eco,2056,4
219,dissatisfied,Loyal Customer,15,Personal Travel,Eco,1765,3
220,dissatisfied,Loyal Customer,60,Business travel,Business,2068,2
221,dissatisfied,disloyal Customer,33,Business travel,Business,4087,5
222,dissatisfied,disloyal Customer,24,Business travel,Eco,1099,3
223,dissatisfied,Loyal Customer,67,Business travel,Business,3563,2
224,dissatisfied,Loyal Customer,62,Personal Travel,Eco,2121,3
225,dissatisfied,Loyal Customer,69,Personal Travel,Eco,1612,4
226,dissatisfied,Loyal Customer,9,Personal Travel,Eco,1172,5
227,dissatisfied,Loyal Customer,35,Business travel,Business,546,2
228,dissatisfied,disloyal Customer,20,Business travel,Eco,2173,3
229,dissatisfied,Loyal Customer,66,Personal Travel,Eco,2729,3
230,dissatisfied,Loyal Customer,34,Business travel,Business,2773,2
231,dissatisfied,Loyal Customer,35,Business travel,Business,2126,3
232,dissatisfied,Loyal Customer,57,Personal Travel,Eco,2711,4
233,dissatisfied,Loyal Customer,45,Personal Travel,Eco,1372,4
234,dissatisfied,disloyal Customer,27,Business travel,Eco,2765,3
235,dissatisfied,Loyal Customer,26,Business travel,Business,1609,3
236,dissatisfied,disloyal Customer,29,Business travel,Eco,1949,3
237,dissatisfied,disloyal Customer,22,Business travel,Eco,2230,3
238,dissatisfied,Loyal Customer,51,Business travel,Business,593,2
239,dissatisfied,disloyal Customer,10,Business travel,Eco,2116,4
240,dissatisfied,disloyal Customer,37,Business travel,Eco,1458,4
241,dissatisfied,disloyal Customer,35,Business travel,Business,2247,2
242,dissatisfied,Loyal Customer,40,Personal Travel,Eco,1951,4
243,dissatisfied,Loyal Customer,8,Personal Travel,Eco,1216,4
244,dissatisfied,Loyal Customer,26,Business travel,Business,1845,3
245,dissatisfied,Loyal Customer,19,Personal Travel,Eco,2905,4
246,dissatisfied,Loyal Customer,47,Personal Travel,Eco,1847,4
247,dissatisfied,disloyal Customer,27,Business travel,Business,2744,5
248,dissatisfied,disloyal Customer,23,Business travel,Eco,1707,4
249,dissatisfied,disloyal Customer,54,Business travel,Eco,1960,2
250,dissatisfied,Loyal Customer,63,Personal Travel,Eco Plus,4290,4
251,dissatisfied,Loyal Customer,38,Business travel,Eco,1903,3
252,dissatisfied,Loyal Customer,50,Business travel,Business,1778,1
253,dissatisfied,Loyal Customer,28,Business travel,Business,1551,3
254,dissatisfied,Loyal Customer,17,Personal Travel,Eco,1681,4
255,dissatisfied,Loyal Customer,42,Business travel,Eco,2140,3
256,dissatisfied,Loyal Customer,15,Personal Travel,Eco Plus,2418,4
257,dissatisfied,Loyal Customer,58,Business travel,Business,2628,3
258,dissatisfied,Loyal Customer,19,Personal Travel,Eco,4175,3
259,dissatisfied,disloyal Customer,23,Business travel,Eco,1631,5
260,dissatisfied,Loyal Customer,29,Business travel,Eco,2531,4
261,dissatisfied,Loyal Customer,61,Personal Travel,Eco Plus,2603,5
262,dissatisfied,Loyal Customer,31,Business travel,Business,3464,3
263,dissatisfied,Loyal Customer,25,Business travel,Business,2279,3
264,dissatisfied,Loyal Customer,70,Personal Travel,Eco,2228,4
265,dissatisfied,Loyal Customer,40,Business travel,Business,5699,3
266,dissatisfied,Loyal Customer,11,Personal Travel,Eco,1256,4
267,dissatisfied,Loyal Customer,43,Personal Travel,Eco,1995,4
268,dissatisfied,Loyal Customer,57,Business travel,Eco,208,4
269,dissatisfied,disloyal Customer,38,Business travel,Eco,1371,3
270,dissatisfied,Loyal Customer,26,Business travel,Business,3604,3
271,dissatisfied,Loyal Customer,52,Personal Travel,Eco,814,3
272,dissatisfied,disloyal Customer,9,Business travel,Eco,2018,3
273,dissatisfied,Loyal Customer,52,Business travel,Business,342,4
274,dissatisfied,Loyal Customer,25,Personal Travel,Eco,2304,3
275,dissatisfied,disloyal Customer,34,Business travel,Business,1398,4
276,dissatisfied,Loyal Customer,31,Business travel,Business,5246,4
277,dissatisfied,Loyal Customer,17,Personal Travel,Eco,1832,5
278,dissatisfied,Loyal Customer,35,Business travel,Eco,3302,3
279,dissatisfied,Loyal Customer,67,Personal Travel,Eco,2152,5
280,dissatisfied,Loyal Customer,21,Personal Travel,Eco,2948,5
281,dissatisfied,Loyal Customer,26,Business travel,Business,4895,4
282,dissatisfied,disloyal Customer,24,Business travel,Eco,1796,5
283,dissatisfied,Loyal Customer,39,Business travel,Business,292,2
284,dissatisfied,disloyal Customer,26,Business travel,Eco,1898,4
285,dissatisfied,disloyal Customer,32,Business travel,Business,1667,4
286,dissatisfied,Loyal Customer,47,Business travel,Business,1761,2
287,dissatisfied,Loyal Customer,62,Business travel,Eco,1601,4
288,dissatisfied,disloyal Customer,25,Business travel,Eco,2588,1
289,dissatisfied,Loyal Customer,46,Business travel,Business,2173,3
290,dissatisfied,Loyal Customer,50,Personal Travel,Eco,2126,1
291,dissatisfied,Loyal Customer,29,Personal Travel,Eco,1302,1
292,dissatisfied,Loyal Customer,54,Personal Travel,Eco,2844,4
293,dissatisfied,disloyal Customer,57,Business travel,Eco,2183,4
294,dissatisfied,Loyal Customer,50,Business travel,Business,2303,3
295,dissatisfied,disloyal Customer,24,Business travel,Eco,1811,2
296,dissatisfied,disloyal Customer,36,Business travel,Eco,2326,2
297,dissatisfied,Loyal Customer,10,Personal Travel,Eco,1344,1
298,dissatisfied,Loyal Customer,36,Business travel,Eco,1171,3
299,dissatisfied,Loyal Customer,46,Business travel,Business,3343,2
300,dissatisfied,Loyal Customer,42,Personal Travel,Eco,1832,4
301,dissatisfied,Loyal Customer,49,Business travel,Business,2202,2
302,dissatisfied,disloyal Customer,29,Business travel,Eco,1778,4
303,dissatisfied,Loyal Customer,41,Business travel,Business,908,3
304,dissatisfied,Loyal Customer,57,Personal Travel,Eco,1297,5
305,dissatisfied,disloyal Customer,36,Business travel,Business,1688,5
306,dissatisfied,Loyal Customer,48,Personal Travel,Eco,248,2
307,dissatisfied,Loyal Customer,64,Personal Travel,Eco,3119,2
308,dissatisfied,Loyal Customer,45,Personal Travel,Eco,1322,5
309,dissatisfied,disloyal Customer,39,Business travel,Business,1731,5
310,dissatisfied,Loyal Customer,37,Business travel,Business,3283,2
311,dissatisfied,disloyal Customer,39,Business travel,Business,5527,5
312,dissatisfied,Loyal Customer,34,Personal Travel,Eco Plus,2339,3
313,dissatisfied,Loyal Customer,38,Personal Travel,Eco,2821,3
314,dissatisfied,Loyal Customer,49,Business travel,Business,494,1
315,dissatisfied,Loyal Customer,30,Business travel,Business,3244,4
316,dissatisfied,disloyal Customer,36,Business travel,Business,1732,4
317,dissatisfied,Loyal Customer,53,Business travel,Business,2768,3
318,dissatisfied,Loyal Customer,59,Personal Travel,Eco Plus,2034,4
319,dissatisfied,Loyal Customer,50,Personal Travel,Eco,2844,3
320,dissatisfied,disloyal Customer,59,Business travel,Eco,1918,1
321,dissatisfied,Loyal Customer,36,Personal Travel,Eco,3253,5
322,dissatisfied,Loyal Customer,55,Business travel,Eco,1372,4
323,dissatisfied,Loyal Customer,40,Business travel,Business,2703,2
324,dissatisfied,disloyal Customer,26,Business travel,Eco,2215,1
325,dissatisfied,Loyal Customer,47,Personal Travel,Eco,6811,5
326,dissatisfied,Loyal Customer,72,Business travel,Eco Plus,1168,1
327,dissatisfied,disloyal Customer,36,Business travel,Eco Plus,1846,4
328,dissatisfied,Loyal Customer,66,Business travel,Business,2364,3
329,dissatisfied,disloyal Customer,18,Business travel,Eco,2062,4
330,dissatisfied,Loyal Customer,48,Business travel,Business,1011,3
331,dissatisfied,disloyal Customer,37,Business travel,Eco,1872,5
332,dissatisfied,Loyal Customer,9,Business travel,Business,4220,4
333,dissatisfied,disloyal Customer,23,Business travel,Eco,2814,3
334,dissatisfied,disloyal Customer,26,Business travel,Eco,2228,2
335,dissatisfied,disloyal Customer,40,Business travel,Business,1423,5
336,dissatisfied,disloyal Customer,38,Personal Travel,Eco,2168,4
337,dissatisfied,disloyal Customer,31,Business travel,Eco,2582,3
338,dissatisfied,disloyal Customer,60,Business travel,Business,2256,5
339,dissatisfied,Loyal Customer,37,Personal Travel,Eco,1623,3
340,dissatisfied,Loyal Customer,33,Business travel,Business,5468,3
341,dissatisfied,Loyal Customer,53,Business travel,Business,401,1
342,dissatisfied,disloyal Customer,36,Business travel,Eco,2136,2
343,dissatisfied,Loyal Customer,34,Business travel,Eco Plus,1098,4
344,dissatisfied,Loyal Customer,26,Business travel,Eco,2412,1
345,dissatisfied,Loyal Customer,57,Business travel,Business,973,1
346,dissatisfied,Loyal Customer,38,Personal Travel,Eco,3861,5
347,dissatisfied,Loyal Customer,42,Personal Travel,Eco,2289,5
348,dissatisfied,Loyal Customer,42,Business travel,Business,1606,1
349,dissatisfied,Loyal Customer,64,Business travel,Eco,1819,3
350,dissatisfied,Loyal Customer,50,Personal Travel,Eco,1928,3
351,dissatisfied,Loyal Customer,34,Personal Travel,Eco,1952,5
352,dissatisfied,Loyal Customer,49,Personal Travel,Eco,1803,4
353,dissatisfied,Loyal Customer,40,Business travel,Eco,2976,3
354,dissatisfied,disloyal Customer,39,Business travel,Business,3559,5
355,dissatisfied,Loyal Customer,24,Business travel,Business,2769,4
356,dissatisfied,Loyal Customer,25,Business travel,Business,2867,3
357,dissatisfied,disloyal Customer,25,Business travel,Eco,1850,3
358,dissatisfied,Loyal Customer,50,Business travel,Eco,1666,4
359,dissatisfied,Loyal Customer,44,Personal Travel,Eco Plus,2169,1
360,dissatisfied,Loyal Customer,27,Personal Travel,Eco,2313,5
361,dissatisfied,Loyal Customer,56,Business travel,Eco,1060,4
362,dissatisfied,Loyal Customer,37,Business travel,Eco,1313,2
363,dissatisfied,Loyal Customer,77,Business travel,Eco,262,3
364,dissatisfied,Loyal Customer,32,Business travel,Eco Plus,2615,4
365,dissatisfied,disloyal Customer,40,Business travel,Business,1511,4
366,dissatisfied,Loyal Customer,58,Business travel,Eco Plus,76,1
367,dissatisfied,disloyal Customer,74,Business travel,Eco,2167,4
368,dissatisfied,Loyal Customer,30,Business travel,Business,2380,3
369,dissatisfied,Loyal Customer,39,Personal Travel,Eco,1917,5
370,dissatisfied,Loyal Customer,33,Personal Travel,Eco,2471,4
371,dissatisfied,Loyal Customer,53,Business travel,Eco,290,3
372,dissatisfied,Loyal Customer,27,Business travel,Business,2121,4
373,dissatisfied,Loyal Customer,44,Business travel,Eco,1439,3
374,dissatisfied,Loyal Customer,55,Business travel,Eco,643,3
375,dissatisfied,Loyal Customer,20,Personal Travel,Eco,1233,3
376,dissatisfied,Loyal Customer,66,Personal Travel,Eco,1166,4
377,dissatisfied,Loyal Customer,63,Business travel,Business,1168,1
378,dissatisfied,Loyal Customer,62,Personal Travel,Eco,2315,5
379,dissatisfied,disloyal Customer,39,Business travel,Business,1171,3
380,dissatisfied,Loyal Customer,40,Personal Travel,Eco Plus,2066,4
381,dissatisfied,Loyal Customer,41,Business travel,Business,440,3
382,dissatisfied,Loyal Customer,59,Business travel,Business,2179,3
383,dissatisfied,Loyal Customer,49,Personal Travel,Eco,1664,4
384,dissatisfied,Loyal Customer,63,Business travel,Eco,55,3
385,dissatisfied,Loyal Customer,11,Personal Travel,Eco,2152,4
386,dissatisfied,disloyal Customer,23,Business travel,Eco,2309,1
387,dissatisfied,Loyal Customer,39,Business travel,Business,1668,3
388,dissatisfied,Loyal Customer,14,Personal Travel,Eco,2206,4
389,dissatisfied,Loyal Customer,70,Personal Travel,Eco,2317,4
390,dissatisfied,disloyal Customer,20,Business travel,Eco,1838,5
391,dissatisfied,Loyal Customer,54,Business travel,Eco Plus,949,4
392,dissatisfied,disloyal Customer,30,Business travel,Business,2259,4
393,dissatisfied,Loyal Customer,56,Personal Travel,Eco,1362,3
394,dissatisfied,Loyal Customer,29,Business travel,Business,4187,4
395,dissatisfied,disloyal Customer,21,Business travel,Eco,1873,1
396,dissatisfied,disloyal Customer,28,Business travel,Eco,1661,5
397,dissatisfied,Loyal Customer,45,Personal Travel,Eco,1906,2
398,dissatisfied,Loyal Customer,50,Business travel,Business,3620,3
399,dissatisfied,Loyal Customer,42,Business travel,Eco,1250,1
400,dissatisfied,disloyal Customer,22,Business travel,Eco,2420,2
401,dissatisfied,Loyal Customer,42,Personal Travel,Eco Plus,1637,4
402,dissatisfied,Loyal Customer,76,Business travel,Eco,1639,2
403,dissatisfied,Loyal Customer,7,Personal Travel,Eco,1870,4
404,dissatisfied,disloyal Customer,54,Business travel,Business,1035,4
405,dissatisfied,Loyal Customer,35,Business travel,Business,3087,1
406,dissatisfied,Loyal Customer,56,Personal Travel,Eco,2899,3
407,dissatisfied,Loyal Customer,15,Personal Travel,Eco,2810,5
408,dissatisfied,Loyal Customer,39,Personal Travel,Eco,2913,4
409,dissatisfied,disloyal Customer,72,Business travel,Business,1066,4
410,dissatisfied,disloyal Customer,23,Business travel,Eco,1169,3
411,dissatisfied,Loyal Customer,64,Business travel,Business,1595,4
412,dissatisfied,disloyal Customer,27,Business travel,Eco,966,1
413,dissatisfied,Loyal Customer,28,Business travel,Business,2465,2
414,dissatisfied,Loyal Customer,24,Personal Travel,Eco,1780,4
415,dissatisfied,Loyal Customer,27,Business travel,Business,4464,2
416,dissatisfied,Loyal Customer,54,Personal Travel,Eco,4088,3
417,dissatisfied,disloyal Customer,36,Business travel,Eco,2391,2
418,dissatisfied,Loyal Customer,27,Personal Travel,Eco,3011,3
419,dissatisfied,Loyal Customer,42,Business travel,Business,3547,2
420,dissatisfied,Loyal Customer,47,Personal Travel,Eco,51,4
421,dissatisfied,Loyal Customer,39,Business travel,Business,1465,3
422,dissatisfied,Loyal Customer,50,Business travel,Business,722,3
423,dissatisfied,Loyal Customer,60,Personal Travel,Eco,2415,4
424,dissatisfied,disloyal Customer,34,Business travel,Business,1418,5
425,dissatisfied,Loyal Customer,12,Personal Travel,Eco,1907,4
426,dissatisfied,Loyal Customer,17,Business travel,Business,1188,3
427,dissatisfied,disloyal Customer,39,Business travel,Eco Plus,1886,2
428,dissatisfied,Loyal Customer,48,Business travel,Eco,2618,3
429,dissatisfied,Loyal Customer,53,Personal Travel,Eco,315,1
430,dissatisfied,Loyal Customer,41,Business travel,Business,2469,2
431,dissatisfied,Loyal Customer,66,Business travel,Business,3378,2
432,dissatisfied,disloyal Customer,20,Business travel,Eco,1917,3
433,dissatisfied,Loyal Customer,55,Personal Travel,Eco,1691,4
434,dissatisfied,Loyal Customer,63,Business travel,Business,3832,1
435,dissatisfied,disloyal Customer,23,Business travel,Eco,1962,5
436,dissatisfied,disloyal Customer,20,Business travel,Eco,2608,3
437,dissatisfied,Loyal Customer,17,Personal Travel,Business,1585,4
438,dissatisfied,disloyal Customer,59,Business travel,Eco,1878,3
439,dissatisfied,Loyal Customer,23,Personal Travel,Eco,3408,3
440,dissatisfied,Loyal Customer,15,Personal Travel,Eco Plus,2627,3
441,dissatisfied,Loyal Customer,52,Personal Travel,Eco,2232,4
442,dissatisfied,Loyal Customer,25,Personal Travel,Eco,1843,4
443,dissatisfied,Loyal Customer,23,Personal Travel,Eco,1198,4
444,dissatisfied,Loyal Customer,7,Business travel,Business,1996,4
445,dissatisfied,Loyal Customer,25,Personal Travel,Eco,1837,4
446,dissatisfied,Loyal Customer,53,Personal Travel,Eco,1944,4
447,dissatisfied,Loyal Customer,30,Business travel,Eco,2695,3
448,dissatisfied,disloyal Customer,36,Business travel,Business,2219,5
449,dissatisfied,disloyal Customer,8,Business travel,Eco,2009,3
450,dissatisfied,Loyal Customer,36,Personal Travel,Eco Plus,2530,2
451,dissatisfied,disloyal Customer,25,Business travel,Business,1772,4
452,dissatisfied,Loyal Customer,23,Personal Travel,Eco,1079,1
453,dissatisfied,Loyal Customer,22,Business travel,Business,2409,4
454,dissatisfied,Loyal Customer,50,Personal Travel,Eco,1490,1
455,dissatisfied,disloyal Customer,37,Business travel,Eco,1891,3
456,dissatisfied,Loyal Customer,36,Personal Travel,Eco,3429,2
457,dissatisfied,Loyal Customer,37,Business travel,Business,1659,2
458,dissatisfied,Loyal Customer,48,Business travel,Eco,389,2
459,dissatisfied,disloyal Customer,50,Business travel,Business,1838,4
460,dissatisfied,Loyal Customer,25,Business travel,Business,1493,4
461,dissatisfied,disloyal Customer,30,Business travel,Eco,1487,1
462,dissatisfied,Loyal Customer,64,Personal Travel,Eco,415,1
463,dissatisfied,disloyal Customer,9,Business travel,Eco,1744,3
464,dissatisfied,disloyal Customer,46,Business travel,Business,2664,5
465,dissatisfied,Loyal Customer,13,Personal Travel,Eco,3956,4
466,dissatisfied,disloyal Customer,23,Business travel,Eco Plus,2902,4
467,dissatisfied,Loyal Customer,51,Personal Travel,Eco Plus,1334,4
468,dissatisfied,Loyal Customer,35,Business travel,Business,1688,3
469,dissatisfied,Loyal Customer,31,Personal Travel,Eco,2632,4
470,dissatisfied,Loyal Customer,45,Business travel,Business,3963,3
471,dissatisfied,disloyal Customer,38,Business travel,Business,2412,4
472,dissatisfied,Loyal Customer,70,Personal Travel,Eco,1937,4
473,dissatisfied,Loyal Customer,39,Personal Travel,Eco,2770,3
474,dissatisfied,Loyal Customer,53,Personal Travel,Eco,2176,3
475,dissatisfied,Loyal Customer,54,Business travel,Eco,2525,3
476,dissatisfied,Loyal Customer,30,Personal Travel,Eco,1433,3
477,dissatisfied,Loyal Customer,29,Business travel,Eco Plus,1644,4
478,dissatisfied,disloyal Customer,25,Business travel,Eco,2320,5
479,dissatisfied,Loyal Customer,76,Business travel,Eco Plus,1340,3
480,dissatisfied,disloyal Customer,35,Business travel,Business,2104,3
481,dissatisfied,Loyal Customer,66,Personal Travel,Eco,2795,4
482,dissatisfied,Loyal Customer,56,Personal Travel,Eco,2520,3
483,dissatisfied,Loyal Customer,17,Personal Travel,Eco,3445,2
484,dissatisfied,Loyal Customer,18,Personal Travel,Eco,1137,4
485,dissatisfied,disloyal Customer,54,Business travel,Eco Plus,2309,3
486,dissatisfied,Loyal Customer,32,Personal Travel,Eco,1952,5
487,dissatisfied,disloyal Customer,22,Business travel,Eco,2335,4
488,dissatisfied,Loyal Customer,30,Business travel,Business,4726,4
489,dissatisfied,disloyal Customer,50,Business travel,Business,2783,5
490,dissatisfied,disloyal Customer,20,Business travel,Eco,2317,3
491,dissatisfied,Loyal Customer,70,Personal Travel,Eco,2181,3
492,dissatisfied,Loyal Customer,40,Personal Travel,Eco,1309,5
493,dissatisfied,Loyal Customer,61,Personal Travel,Eco,1898,4
494,dissatisfied,Loyal Customer,61,Personal Travel,Eco,3100,3
495,dissatisfied,Loyal Customer,80,Business travel,Eco,110,2
496,dissatisfied,Loyal Customer,42,Business travel,Eco,1304,4
497,dissatisfied,Loyal Customer,51,Personal Travel,Eco,1318,4
498,dissatisfied,Loyal Customer,24,Business travel,Business,4731,3
499,dissatisfied,Loyal Customer,41,Business travel,Business,3155,3
500,dissatisfied,disloyal Customer,38,Business travel,Business,1160,5
501,dissatisfied,Loyal Customer,30,Personal Travel,Eco,2330,4
502,dissatisfied,disloyal Customer,22,Business travel,Eco,2245,3
503,dissatisfied,Loyal Customer,44,Business travel,Eco,1446,4
504,dissatisfied,Loyal Customer,47,Business travel,Eco,2381,3
505,dissatisfied,Loyal Customer,19,Personal Travel,Eco,1599,3
506,dissatisfied,Loyal Customer,52,Personal Travel,Eco,1373,5
507,dissatisfied,Loyal Customer,33,Personal Travel,Eco Plus,1428,3
508,dissatisfied,Loyal Customer,35,Personal Travel,Eco,2153,5
509,dissatisfied,Loyal Customer,17,Personal Travel,Business,1967,5
510,dissatisfied,disloyal Customer,21,Business travel,Business,2789,4
511,dissatisfied,disloyal Customer,18,Business travel,Eco,2175,3
512,dissatisfied,disloyal Customer,29,Business travel,Eco,2439,4
513,dissatisfied,Loyal Customer,24,Personal Travel,Eco,2366,4
514,dissatisfied,disloyal Customer,43,Business travel,Eco,1618,3
515,dissatisfied,Loyal Customer,52,Business travel,Business,385,3
516,dissatisfied,Loyal Customer,60,Personal Travel,Eco,2960,3
517,dissatisfied,Loyal Customer,46,Business travel,Eco,629,1
518,dissatisfied,Loyal Customer,55,Business travel,Eco,1899,2
519,dissatisfied,Loyal Customer,41,Business travel,Business,3980,1
520,dissatisfied,Loyal Customer,41,Business travel,Eco,2057,3
521,dissatisfied,Loyal Customer,45,Personal Travel,Business,398,3
522,dissatisfied,Loyal Customer,37,Business travel,Business,1900,2
523,dissatisfied,disloyal Customer,22,Business travel,Eco,1987,5
524,dissatisfied,Loyal Customer,46,Personal Travel,Eco,2518,3
525,dissatisfied,Loyal Customer,33,Business travel,Eco Plus,2993,4
526,dissatisfied,Loyal Customer,61,Business travel,Business,386,2
527,dissatisfied,Loyal Customer,64,Personal Travel,Business,212,3
528,dissatisfied,Loyal Customer,30,Business travel,Eco,6595,3
529,dissatisfied,Loyal Customer,38,Business travel,Eco,1647,4
530,dissatisfied,Loyal Customer,43,Personal Travel,Eco,271,3
531,dissatisfied,Loyal Customer,35,Personal Travel,Eco,1374,5
532,dissatisfied,disloyal Customer,21,Business travel,Eco,1857,5
533,dissatisfied,disloyal Customer,36,Business travel,Eco,2541,3
534,dissatisfied,Loyal Customer,61,Personal Travel,Eco,3271,4
535,dissatisfied,Loyal Customer,28,Business travel,Business,4932,3
536,dissatisfied,Loyal Customer,24,Personal Travel,Eco,1921,3
537,dissatisfied,disloyal Customer,26,Business travel,Eco,1816,1
538,dissatisfied,disloyal Customer,25,Business travel,Business,2156,4
539,dissatisfied,disloyal Customer,26,Business travel,Business,2191,4
540,dissatisfied,Loyal Customer,28,Personal Travel,Eco Plus,2333,2
541,dissatisfied,Loyal Customer,70,Personal Travel,Eco Plus,968,3
542,dissatisfied,Loyal Customer,54,Business travel,Business,2123,2
543,dissatisfied,Loyal Customer,59,Personal Travel,Eco,2572,2
544,dissatisfied,Loyal Customer,53,Personal Travel,Eco,561,2
545,dissatisfied,Loyal Customer,41,Business travel,Business,3138,1
546,dissatisfied,disloyal Customer,32,Business travel,Business,1457,5
547,dissatisfied,Loyal Customer,62,Business travel,Business,3436,3
548,dissatisfied,Loyal Customer,55,Business travel,Eco,1748,4
549,dissatisfied,Loyal Customer,26,Personal Travel,Eco,1856,4
550,dissatisfied,disloyal Customer,37,Business travel,Business,2149,4
551,dissatisfied,Loyal Customer,14,Personal Travel,Eco,1585,4
552,dissatisfied,Loyal Customer,50,Personal Travel,Eco,3209,4
553,dissatisfied,disloyal Customer,33,Business travel,Business,1789,4
554,dissatisfied,Loyal Customer,15,Business travel,Business,4478,3
555,dissatisfied,Loyal Customer,14,Personal Travel,Business,1598,4
556,dissatisfied,Loyal Customer,15,Personal Travel,Eco,1914,4
557,dissatisfied,Loyal Customer,30,Personal Travel,Eco,1583,4
558,dissatisfied,Loyal Customer,47,Business travel,Business,2374,4
559,dissatisfied,disloyal Customer,38,Business travel,Eco,1357,2
560,dissatisfied,Loyal Customer,26,Personal Travel,Eco,2544,1
561,dissatisfied,disloyal Customer,27,Business travel,Eco,2615,3
562,dissatisfied,Loyal Customer,40,Business travel,Eco,2794,3
563,dissatisfied,Loyal Customer,44,Business travel,Business,1760,2
564,dissatisfied,Loyal Customer,32,Business travel,Eco Plus,2001,3
565,dissatisfied,Loyal Customer,51,Business travel,Eco,551,2
566,dissatisfied,Loyal Customer,62,Personal Travel,Eco,2429,4
567,dissatisfied,Loyal Customer,13,Personal Travel,Eco,3574,3
568,dissatisfied,disloyal Customer,24,Business travel,Eco,1401,1
569,dissatisfied,disloyal Customer,30,Business travel,Business,1685,4
570,dissatisfied,disloyal Customer,28,Business travel,Business,3250,4
571,dissatisfied,Loyal Customer,36,Business travel,Eco,2617,3
572,dissatisfied,disloyal Customer,44,Business travel,Business,2008,5
573,dissatisfied,Loyal Customer,64,Personal Travel,Eco,1863,2
574,dissatisfied,disloyal Customer,22,Business travel,Eco,2809,3
575,dissatisfied,disloyal Customer,21,Business travel,Eco,1638,4
576,dissatisfied,Loyal Customer,8,Personal Travel,Business,1441,4
577,dissatisfied,disloyal Customer,30,Business travel,Eco,2241,2
578,dissatisfied,disloyal Customer,66,Business travel,Eco,3274,1
579,dissatisfied,Loyal Customer,35,Personal Travel,Eco,1461,4
580,dissatisfied,Loyal Customer,25,Personal Travel,Eco Plus,2956,4
581,dissatisfied,Loyal Customer,24,Personal Travel,Eco,3438,4
582,dissatisfied,disloyal Customer,25,Business travel,Eco,1813,4
583,dissatisfied,disloyal Customer,25,Business travel,Eco,1183,3
584,dissatisfied,Loyal Customer,64,Personal Travel,Eco,2239,4
585,dissatisfied,disloyal Customer,63,Business travel,Eco,2061,3
586,dissatisfied,disloyal Customer,23,Business travel,Eco,1411,2
587,satisfied,Loyal Customer,54,Business travel,Business,2424,4
588,satisfied,Loyal Customer,53,Personal Travel,Eco,109,5
589,satisfied,Loyal Customer,27,Business travel,Business,1197,4
590,satisfied,Loyal Customer,30,Personal Travel,Eco,1765,5
591,satisfied,Loyal Customer,23,Business travel,Eco Plus,2330,5
592,satisfied,Loyal Customer,55,Personal Travel,Eco,726,4
593,satisfied,disloyal Customer,58,Business travel,Business,1624,4
594,satisfied,disloyal Customer,62,Business travel,Business,1688,4
595,satisfied,disloyal Customer,19,Business travel,Business,2479,5
596,satisfied,Loyal Customer,53,Business travel,Business,3486,4
597,satisfied,disloyal Customer,24,Business travel,Eco,2604,5
598,satisfied,Loyal Customer,30,Personal Travel,Business,3279,4
599,satisfied,Loyal Customer,53,Business travel,Business,2584,5
600,satisfied,Loyal Customer,55,Personal Travel,Eco,438,4
601,satisfied,Loyal Customer,44,Business travel,Business,629,4
602,satisfied,Loyal Customer,44,Business travel,Business,1901,4
603,satisfied,Loyal Customer,69,Business travel,Business,627,4
604,satisfied,Loyal Customer,24,Personal Travel,Business,1533,5
605,satisfied,Loyal Customer,50,Business travel,Business,1470,5
606,satisfied,Loyal Customer,39,Business travel,Business,1539,3
607,satisfied,Loyal Customer,35,Personal Travel,Eco,2707,4
608,satisfied,Loyal Customer,20,Business travel,Business,2364,1
609,satisfied,Loyal Customer,45,Business travel,Business,2816,4
610,satisfied,disloyal Customer,15,Business travel,Eco,3744,5
611,satisfied,Loyal Customer,26,Business travel,Business,3294,2
612,satisfied,Loyal Customer,57,Personal Travel,Eco,966,3
613,satisfied,disloyal Customer,37,Business travel,Business,1474,5
614,satisfied,Loyal Customer,62,Personal Travel,Eco,2289,1
615,satisfied,Loyal Customer,33,Business travel,Business,2182,4
616,satisfied,Loyal Customer,39,Personal Travel,Eco,1743,5
617,satisfied,Loyal Customer,44,Personal Travel,Eco,701,3
618,satisfied,Loyal Customer,56,Business travel,Business,555,4
619,satisfied,Loyal Customer,40,Personal Travel,Eco,2267,2
620,satisfied,Loyal Customer,22,Business travel,Eco,1442,2
621,satisfied,Loyal Customer,47,Business travel,Business,588,5
622,satisfied,Loyal Customer,34,Business travel,Business,311,5
623,satisfied,Loyal Customer,53,Personal Travel,Eco,1088,5
624,satisfied,Loyal Customer,53,Business travel,Eco,238,5
625,satisfied,Loyal Customer,30,Business travel,Business,4837,5
626,satisfied,Loyal Customer,39,Business travel,Business,1763,4
627,satisfied,Loyal Customer,52,Business travel,Business,2081,4
628,satisfied,Loyal Customer,27,Personal Travel,Eco,2421,5
629,satisfied,Loyal Customer,57,Personal Travel,Eco,1474,4
630,satisfied,Loyal Customer,41,Business travel,Business,884,5
631,satisfied,Loyal Customer,63,Personal Travel,Eco,2245,4
632,satisfied,disloyal Customer,23,Business travel,Eco,2174,4
633,satisfied,Loyal Customer,30,Business travel,Eco Plus,2004,4
634,satisfied,Loyal Customer,40,Business travel,Business,3552,5
635,satisfied,Loyal Customer,53,Business travel,Eco,598,2
636,satisfied,Loyal Customer,47,Personal Travel,Eco,2471,4
637,satisfied,Loyal Customer,45,Personal Travel,Eco,1625,3
638,satisfied,Loyal Customer,43,Business travel,Business,3581,5
639,satisfied,Loyal Customer,59,Personal Travel,Eco,1178,4
640,satisfied,Loyal Customer,70,Personal Travel,Eco,1016,3
641,satisfied,Loyal Customer,12,Personal Travel,Eco,1886,5
642,satisfied,Loyal Customer,58,Business travel,Business,2009,4
643,satisfied,Loyal Customer,57,Business travel,Business,241,4
644,satisfied,Loyal Customer,23,Personal Travel,Eco,3423,4
645,satisfied,Loyal Customer,42,Business travel,Business,2156,4
646,satisfied,Loyal Customer,15,Personal Travel,Eco,2750,2
647,satisfied,Loyal Customer,44,Personal Travel,Eco,1063,4
648,satisfied,Loyal Customer,46,Business travel,Eco,2175,2
649,satisfied,disloyal Customer,20,Business travel,Business,1866,5
650,satisfied,Loyal Customer,35,Business travel,Business,257,4
651,satisfied,Loyal Customer,60,Business travel,Business,1899,5
652,satisfied,Loyal Customer,38,Business travel,Business,2163,3
653,satisfied,Loyal Customer,44,Personal Travel,Eco,3112,5
654,satisfied,Loyal Customer,53,Business travel,Business,2151,5
655,satisfied,Loyal Customer,43,Business travel,Business,3026,5
656,satisfied,Loyal Customer,42,Business travel,Business,2332,3
657,satisfied,Loyal Customer,48,Business travel,Business,1869,4
658,satisfied,Loyal Customer,46,Business travel,Business,1021,3
659,satisfied,Loyal Customer,25,Personal Travel,Eco,1435,1
660,satisfied,Loyal Customer,26,Business travel,Eco,2102,3
661,satisfied,disloyal Customer,16,Business travel,Eco,2266,4
662,satisfied,Loyal Customer,40,Business travel,Business,445,4
663,satisfied,Loyal Customer,35,Business travel,Business,2027,1
664,satisfied,Loyal Customer,45,Business travel,Business,2985,5
665,satisfied,Loyal Customer,35,Business travel,Business,2108,5
666,satisfied,Loyal Customer,57,Business travel,Business,307,4
667,satisfied,Loyal Customer,27,Business travel,Business,4670,5
668,satisfied,Loyal Customer,44,Business travel,Business,370,4
669,satisfied,Loyal Customer,28,Business travel,Eco Plus,2499,4
670,satisfied,Loyal Customer,43,Business travel,Eco,2925,5
671,satisfied,Loyal Customer,33,Business travel,Eco Plus,1569,5
672,satisfied,Loyal Customer,50,Personal Travel,Eco,387,4
673,satisfied,Loyal Customer,30,Personal Travel,Eco,2253,5
674,satisfied,Loyal Customer,26,Business travel,Business,3804,4
675,satisfied,Loyal Customer,20,Personal Travel,Eco,1363,5
676,satisfied,Loyal Customer,59,Business travel,Business,1486,5
677,satisfied,Loyal Customer,42,Business travel,Business,996,4
678,satisfied,Loyal Customer,33,Business travel,Business,5250,4
679,satisfied,Loyal Customer,30,Business travel,Business,1661,4
680,satisfied,Loyal Customer,39,Personal Travel,Eco,1864,5
681,satisfied,Loyal Customer,43,Business travel,Business,2381,4
682,satisfied,Loyal Customer,46,Personal Travel,Eco,616,2
683,satisfied,Loyal Customer,17,Personal Travel,Eco,4174,3
684,satisfied,disloyal Customer,24,Business travel,Eco,1015,4
685,satisfied,disloyal Customer,22,Business travel,Eco,1295,1
686,satisfied,Loyal Customer,44,Business travel,Business,116,5
687,satisfied,Loyal Customer,28,Business travel,Business,4925,1
688,satisfied,Loyal Customer,56,Business travel,Business,3545,5
689,satisfied,Loyal Customer,46,Business travel,Eco,1851,4
690,satisfied,Loyal Customer,47,Business travel,Business,268,5
691,satisfied,Loyal Customer,29,Business travel,Business,3625,4
692,satisfied,Loyal Customer,48,Business travel,Business,2978,4
693,satisfied,Loyal Customer,51,Business travel,Eco,471,4
694,satisfied,Loyal Customer,28,Business travel,Business,2926,1
695,satisfied,Loyal Customer,58,Business travel,Business,2529,5
696,satisfied,Loyal Customer,59,Personal Travel,Eco,1104,4
697,satisfied,Loyal Customer,56,Business travel,Business,1610,5
698,satisfied,Loyal Customer,60,Business travel,Business,115,4
699,satisfied,Loyal Customer,60,Business travel,Business,404,5
700,satisfied,Loyal Customer,66,Personal Travel,Eco,957,5
701,satisfied,Loyal Customer,46,Business travel,Business,379,5
702,satisfied,Loyal Customer,47,Business travel,Business,3068,3
703,satisfied,Loyal Customer,60,Business travel,Business,3369,5
704,satisfied,Loyal Customer,44,Business travel,Business,885,3
705,satisfied,Loyal Customer,42,Business travel,Business,4013,4
706,satisfied,Loyal Customer,26,Business travel,Business,5121,5
707,satisfied,Loyal Customer,51,Business travel,Business,1623,4
708,satisfied,Loyal Customer,69,Personal Travel,Eco,563,5
709,satisfied,Loyal Customer,24,Business travel,Business,4654,5
710,satisfied,Loyal Customer,63,Business travel,Business,2161,4
711,satisfied,Loyal Customer,58,Personal Travel,Eco,1745,2
712,satisfied,Loyal Customer,42,Business travel,Business,1416,5
713,satisfied,Loyal Customer,54,Business travel,Business,892,2
714,satisfied,Loyal Customer,35,Personal Travel,Business,1634,4
715,satisfied,Loyal Customer,40,Business travel,Business,2333,5
716,satisfied,Loyal Customer,60,Business travel,Business,1882,5
717,satisfied,Loyal Customer,70,Personal Travel,Eco,341,5
718,satisfied,Loyal Customer,32,Business travel,Business,5340,4
719,satisfied,Loyal Customer,44,Business travel,Business,1779,5
720,satisfied,Loyal Customer,52,Business travel,Eco,1824,3
721,satisfied,Loyal Customer,67,Personal Travel,Eco,312,5
722,satisfied,Loyal Customer,42,Business travel,Business,1420,3
723,satisfied,Loyal Customer,51,Personal Travel,Eco,2309,4
724,satisfied,Loyal Customer,46,Personal Travel,Eco,265,5
725,satisfied,disloyal Customer,22,Business travel,Eco,2293,5
726,satisfied,Loyal Customer,59,Business travel,Business,661,4
727,satisfied,Loyal Customer,49,Business travel,Business,2173,5
728,satisfied,Loyal Customer,56,Business travel,Business,1607,5
729,satisfied,disloyal Customer,23,Business travel,Business,2237,4
730,satisfied,Loyal Customer,56,Business travel,Business,2252,5
731,satisfied,Loyal Customer,53,Business travel,Business,1020,5
732,satisfied,Loyal Customer,50,Business travel,Business,1434,4
733,satisfied,Loyal Customer,64,Personal Travel,Eco,76,5
734,satisfied,Loyal Customer,46,Business travel,Business,952,5
735,satisfied,Loyal Customer,33,Personal Travel,Eco,2702,3
736,satisfied,Loyal Customer,63,Personal Travel,Eco,2351,5
737,satisfied,Loyal Customer,46,Business travel,Business,3761,4
738,satisfied,Loyal Customer,32,Business travel,Business,3806,4
739,satisfied,Loyal Customer,43,Business travel,Business,1477,5
740,satisfied,Loyal Customer,52,Business travel,Business,1528,4
741,satisfied,Loyal Customer,43,Business travel,Eco Plus,81,2
742,satisfied,Loyal Customer,57,Business travel,Business,336,5
743,satisfied,disloyal Customer,21,Business travel,Eco,1959,2
744,satisfied,disloyal Customer,19,Business travel,Eco,2887,5
745,satisfied,Loyal Customer,36,Business travel,Business,1311,5
746,satisfied,Loyal Customer,40,Business travel,Business,202,4
747,satisfied,disloyal Customer,24,Business travel,Business,2054,4
748,satisfied,Loyal Customer,43,Personal Travel,Eco Plus,485,4
749,satisfied,Loyal Customer,48,Personal Travel,Eco,538,5
750,satisfied,Loyal Customer,31,Business travel,Business,2449,4
751,satisfied,Loyal Customer,43,Business travel,Business,2550,5
752,satisfied,Loyal Customer,43,Business travel,Business,392,5
753,satisfied,Loyal Customer,21,Personal Travel,Eco,1900,1
754,satisfied,Loyal Customer,55,Business travel,Business,1650,4
755,satisfied,Loyal Customer,55,Business travel,Business,278,5
756,satisfied,Loyal Customer,44,Personal Travel,Eco,344,3
757,satisfied,Loyal Customer,69,Personal Travel,Eco Plus,942,5
758,satisfied,Loyal Customer,60,Business travel,Business,3674,4
759,satisfied,Loyal Customer,40,Business travel,Business,3711,4
760,satisfied,Loyal Customer,51,Personal Travel,Business,1679,4
761,satisfied,Loyal Customer,53,Business travel,Business,1563,4
762,satisfied,Loyal Customer,51,Business travel,Business,2535,4
763,satisfied,Loyal Customer,35,Business travel,Business,3508,4
764,satisfied,disloyal Customer,23,Business travel,Eco,2137,2
765,satisfied,Loyal Customer,54,Business travel,Business,2344,3
766,satisfied,Loyal Customer,39,Business travel,Eco,1584,1
767,satisfied,Loyal Customer,45,Business travel,Business,307,5
768,satisfied,Loyal Customer,70,Personal Travel,Eco,63,5
769,satisfied,Loyal Customer,27,Business travel,Business,3920,4
770,satisfied,Loyal Customer,23,Personal Travel,Eco,2533,5
771,satisfied,Loyal Customer,45,Business travel,Business,316,4
772,satisfied,Loyal Customer,65,Personal Travel,Eco,1608,1
773,satisfied,Loyal Customer,40,Business travel,Business,132,4
774,satisfied,Loyal Customer,42,Personal Travel,Business,997,4
775,satisfied,Loyal Customer,60,Business travel,Business,2255,5
776,satisfied,Loyal Customer,46,Business travel,Business,1563,5
777,satisfied,Loyal Customer,23,Business travel,Business,2475,2
778,satisfied,Loyal Customer,64,Business travel,Eco,86,4
779,satisfied,Loyal Customer,59,Business travel,Business,3674,5
780,satisfied,Loyal Customer,44,Business travel,Business,1622,4
781,satisfied,Loyal Customer,48,Business travel,Business,2922,5
782,satisfied,Loyal Customer,36,Business travel,Business,205,1
783,satisfied,Loyal Customer,39,Business travel,Eco,1952,5
784,satisfied,Loyal Customer,32,Personal Travel,Eco,3542,4
785,satisfied,Loyal Customer,55,Business travel,Business,1018,5
786,satisfied,Loyal Customer,41,Business travel,Business,2192,4
787,satisfied,Loyal Customer,58,Business travel,Business,1661,5
788,satisfied,Loyal Customer,45,Business travel,Business,3849,4
789,satisfied,Loyal Customer,50,Business travel,Business,3307,3
790,satisfied,Loyal Customer,46,Business travel,Business,1498,4
791,satisfied,Loyal Customer,57,Business travel,Business,982,3
792,satisfied,Loyal Customer,35,Personal Travel,Eco,2860,2
793,satisfied,Loyal Customer,55,Personal Travel,Eco Plus,79,3
794,satisfied,disloyal Customer,21,Business travel,Eco,1766,4
795,satisfied,Loyal Customer,59,Business travel,Business,1923,3
796,satisfied,Loyal Customer,44,Business travel,Business,2648,5
797,satisfied,Loyal Customer,55,Business travel,Business,3379,4
798,satisfied,Loyal Customer,38,Business travel,Business,3984,4
799,satisfied,disloyal Customer,20,Business travel,Business,2021,5
800,satisfied,Loyal Customer,42,Business travel,Business,3903,4
801,satisfied,Loyal Customer,13,Personal Travel,Eco,934,2
802,satisfied,Loyal Customer,57,Business travel,Business,2455,4
803,satisfied,Loyal Customer,53,Business travel,Business,1531,2
804,satisfied,Loyal Customer,23,Business travel,Eco,1524,4
805,satisfied,Loyal Customer,61,Personal Travel,Eco,883,5
806,satisfied,Loyal Customer,8,Personal Travel,Eco,3654,4
807,satisfied,Loyal Customer,10,Personal Travel,Eco,1458,4
808,satisfied,Loyal Customer,63,Personal Travel,Eco,2872,4
809,satisfied,disloyal Customer,22,Business travel,Business,1802,5
810,satisfied,Loyal Customer,18,Personal Travel,Eco,2198,4
811,satisfied,Loyal Customer,46,Business travel,Business,1805,5
812,satisfied,disloyal Customer,70,Business travel,Business,1290,5
813,satisfied,Loyal Customer,36,Business travel,Eco,1999,2
814,satisfied,disloyal Customer,80,Business travel,Business,236,5
815,satisfied,Loyal Customer,47,Business travel,Business,744,2
816,satisfied,Loyal Customer,40,Personal Travel,Business,949,4
817,satisfied,Loyal Customer,35,Business travel,Business,1734,4
818,satisfied,Loyal Customer,39,Business travel,Business,689,4
819,satisfied,Loyal Customer,8,Personal Travel,Business,4079,5
820,satisfied,Loyal Customer,33,Personal Travel,Eco,2319,4
821,satisfied,Loyal Customer,44,Business travel,Business,1788,5
822,satisfied,Loyal Customer,14,Personal Travel,Eco,2480,4
823,satisfied,Loyal Customer,57,Business travel,Business,2027,5
824,satisfied,Loyal Customer,41,Business travel,Business,849,5
825,satisfied,Loyal Customer,59,Business travel,Business,974,4
826,satisfied,Loyal Customer,34,Personal Travel,Eco,1534,5
827,satisfied,Loyal Customer,24,Business travel,Business,4584,4
828,satisfied,Loyal Customer,58,Personal Travel,Eco,336,4
829,satisfied,Loyal Customer,39,Business travel,Business,302,4
830,satisfied,Loyal Customer,32,Business travel,Eco Plus,1404,3
831,satisfied,Loyal Customer,32,Business travel,Business,4076,3
832,satisfied,Loyal Customer,40,Personal Travel,Eco,2126,4
833,satisfied,Loyal Customer,21,Personal Travel,Eco Plus,1799,4
834,satisfied,disloyal Customer,24,Business travel,Business,1273,1
835,satisfied,Loyal Customer,47,Business travel,Business,694,4
836,satisfied,Loyal Customer,57,Business travel,Eco,70,3
837,satisfied,Loyal Customer,19,Personal Travel,Eco,2147,5
838,satisfied,Loyal Customer,23,Personal Travel,Eco,2031,4
839,satisfied,disloyal Customer,42,Business travel,Business,1951,4
840,satisfied,Loyal Customer,31,Personal Travel,Eco,2433,4
841,satisfied,Loyal Customer,47,Personal Travel,Business,442,5
842,satisfied,Loyal Customer,15,Personal Travel,Eco,2203,3
843,satisfied,Loyal Customer,30,Personal Travel,Eco,2333,1
844,satisfied,Loyal Customer,50,Business travel,Business,3301,5
845,satisfied,Loyal Customer,45,Business travel,Business,2488,5
846,satisfied,Loyal Customer,41,Business travel,Business,3630,5
847,satisfied,disloyal Customer,50,Business travel,Business,1318,5
848,satisfied,Loyal Customer,70,Personal Travel,Eco Plus,328,4
849,satisfied,Loyal Customer,64,Personal Travel,Eco,1132,5
850,satisfied,Loyal Customer,48,Business travel,Business,2561,3
851,satisfied,Loyal Customer,36,Business travel,Business,880,5
852,satisfied,Loyal Customer,34,Business travel,Business,3080,4
853,satisfied,Loyal Customer,30,Personal Travel,Eco,1950,5
854,satisfied,Loyal Customer,50,Business travel,Business,2403,5
855,satisfied,Loyal Customer,49,Business travel,Business,1649,2
856,satisfied,Loyal Customer,40,Business travel,Business,2347,5
857,satisfied,Loyal Customer,39,Business travel,Business,2407,4
858,satisfied,Loyal Customer,42,Business travel,Business,1829,4
859,satisfied,Loyal Customer,60,Business travel,Business,2211,3
860,satisfied,Loyal Customer,46,Business travel,Business,3466,4
861,satisfied,Loyal Customer,29,Business travel,Eco Plus,2063,1
862,satisfied,Loyal Customer,66,Personal Travel,Eco,588,4
863,satisfied,Loyal Customer,60,Business travel,Business,2105,4
864,satisfied,Loyal Customer,44,Personal Travel,Eco,235,4
865,satisfied,Loyal Customer,18,Personal Travel,Eco Plus,1681,4
866,satisfied,Loyal Customer,30,Business travel,Business,2827,4
867,satisfied,Loyal Customer,49,Business travel,Business,3317,4
868,satisfied,Loyal Customer,31,Business travel,Business,5245,4
869,satisfied,Loyal Customer,41,Business travel,Business,3889,2
870,satisfied,Loyal Customer,36,Business travel,Eco,933,3
871,satisfied,Loyal Customer,70,Personal Travel,Eco,2217,5
872,satisfied,Loyal Customer,8,Personal Travel,Eco,1735,4
873,satisfied,Loyal Customer,42,Business travel,Business,698,3
874,satisfied,Loyal Customer,60,Business travel,Business,719,4
875,satisfied,Loyal Customer,38,Personal Travel,Eco,1796,2
876,satisfied,Loyal Customer,36,Personal Travel,Eco,2342,4
877,satisfied,Loyal Customer,45,Business travel,Business,945,5
878,satisfied,Loyal Customer,39,Business travel,Business,2643,5
879,satisfied,disloyal Customer,23,Business travel,Eco,1670,2
880,satisfied,Loyal Customer,38,Business travel,Business,1596,4
881,satisfied,Loyal Customer,25,Business travel,Business,4254,5
882,satisfied,Loyal Customer,34,Business travel,Business,647,4
883,satisfied,disloyal Customer,38,Business travel,Business,2289,4
884,satisfied,Loyal Customer,55,Business travel,Eco,801,3
885,satisfied,disloyal Customer,11,Business travel,Business,2256,2
886,satisfied,Loyal Customer,36,Business travel,Eco,1465,2
887,satisfied,Loyal Customer,49,Business travel,Business,2924,5
888,satisfied,Loyal Customer,24,Personal Travel,Eco,1682,4
889,satisfied,Loyal Customer,25,Business travel,Business,4082,4
890,satisfied,Loyal Customer,29,Business travel,Business,3581,4
891,satisfied,Loyal Customer,50,Business travel,Business,2207,5
892,satisfied,Loyal Customer,52,Business travel,Business,3114,5
893,satisfied,Loyal Customer,43,Business travel,Business,759,5
894,satisfied,Loyal Customer,9,Personal Travel,Eco,3607,5
895,satisfied,disloyal Customer,25,Business travel,Business,1784,4
896,satisfied,Loyal Customer,79,Business travel,Eco,1470,4
897,satisfied,Loyal Customer,60,Business travel,Business,3451,4
898,satisfied,Loyal Customer,42,Business travel,Business,1596,4
899,satisfied,Loyal Customer,35,Business travel,Eco Plus,1498,3
900,satisfied,Loyal Customer,9,Personal Travel,Eco,1862,4
901,satisfied,Loyal Customer,47,Business travel,Business,1534,5
902,satisfied,Loyal Customer,52,Business travel,Business,2644,4
903,satisfied,Loyal Customer,46,Business travel,Business,3179,5
904,satisfied,Loyal Customer,8,Personal Travel,Eco,1674,3
905,satisfied,Loyal Customer,33,Personal Travel,Eco,1370,5
906,satisfied,Loyal Customer,45,Business travel,Business,3193,4
907,satisfied,Loyal Customer,39,Personal Travel,Eco,1920,5
908,satisfied,disloyal Customer,22,Business travel,Business,2303,4
909,satisfied,Loyal Customer,27,Business travel,Business,3875,3
910,satisfied,Loyal Customer,60,Business travel,Business,1550,5
911,satisfied,Loyal Customer,49,Business travel,Business,1779,5
912,satisfied,disloyal Customer,20,Business travel,Eco,1288,4
913,satisfied,Loyal Customer,49,Business travel,Eco,1568,2
914,satisfied,Loyal Customer,76,Business travel,Business,2445,5
915,satisfied,Loyal Customer,8,Personal Travel,Eco,2670,2
916,satisfied,Loyal Customer,38,Business travel,Business,1586,5
917,satisfied,Loyal Customer,43,Business travel,Business,668,5
918,satisfied,Loyal Customer,46,Business travel,Business,335,4
919,satisfied,disloyal Customer,24,Business travel,Business,1836,4
920,satisfied,Loyal Customer,58,Business travel,Business,1136,5
921,satisfied,Loyal Customer,42,Business travel,Eco,1204,5
922,satisfied,Loyal Customer,39,Business travel,Eco,2059,3
923,satisfied,Loyal Customer,57,Business travel,Business,741,4
924,satisfied,Loyal Customer,62,Business travel,Business,1044,4
925,satisfied,Loyal Customer,33,Business travel,Business,1826,4
926,satisfied,Loyal Customer,38,Business travel,Eco Plus,1489,2
927,satisfied,Loyal Customer,39,Business travel,Business,2492,4
928,satisfied,Loyal Customer,50,Business travel,Business,2382,4
929,satisfied,Loyal Customer,41,Business travel,Business,571,5
930,satisfied,Loyal Customer,46,Personal Travel,Eco,1003,4
931,satisfied,Loyal Customer,51,Business travel,Business,3932,5
932,satisfied,Loyal Customer,44,Business travel,Business,1813,4
933,satisfied,Loyal Customer,63,Personal Travel,Eco,1245,5
934,satisfied,Loyal Customer,38,Business travel,Business,775,5
935,satisfied,Loyal Customer,48,Business travel,Business,1776,4
936,satisfied,Loyal Customer,46,Business travel,Business,3372,4
937,satisfied,Loyal Customer,41,Business travel,Business,3906,5
938,satisfied,Loyal Customer,37,Business travel,Business,2407,5
939,satisfied,Loyal Customer,34,Business travel,Business,1886,5
940,satisfied,Loyal Customer,42,Business travel,Business,1846,5
941,satisfied,Loyal Customer,57,Business travel,Business,263,4
942,satisfied,Loyal Customer,27,Business travel,Business,4250,2
943,satisfied,Loyal Customer,45,Business travel,Business,218,4
944,satisfied,Loyal Customer,29,Personal Travel,Eco,1262,4
945,satisfied,Loyal Customer,17,Personal Travel,Eco,2159,5
946,satisfied,Loyal Customer,51,Business travel,Business,936,3
947,satisfied,Loyal Customer,62,Business travel,Business,3473,5
948,satisfied,Loyal Customer,44,Business travel,Business,203,1
949,satisfied,Loyal Customer,68,Business travel,Business,3046,4
950,satisfied,Loyal Customer,55,Business travel,Business,3206,3
951,satisfied,Loyal Customer,42,Business travel,Business,1681,4
952,satisfied,Loyal Customer,56,Business travel,Business,462,4
953,satisfied,Loyal Customer,46,Business travel,Business,3923,5
954,satisfied,disloyal Customer,24,Business travel,Eco,2197,4
955,satisfied,Loyal Customer,46,Business travel,Business,444,5
956,satisfied,Loyal Customer,22,Personal Travel,Business,1619,2
957,satisfied,disloyal Customer,26,Business travel,Eco,1373,3
958,satisfied,Loyal Customer,12,Personal Travel,Eco,1691,5
959,satisfied,Loyal Customer,59,Business travel,Business,275,5
960,satisfied,Loyal Customer,41,Business travel,Business,3141,5
961,satisfied,Loyal Customer,39,Business travel,Eco,1410,1
962,satisfied,Loyal Customer,52,Business travel,Business,1755,5
963,satisfied,Loyal Customer,38,Business travel,Business,1922,2
964,satisfied,Loyal Customer,60,Business travel,Eco,1374,5
965,satisfied,Loyal Customer,34,Business travel,Business,443,4
966,satisfied,disloyal Customer,24,Business travel,Eco,2081,4
967,satisfied,Loyal Customer,56,Business travel,Business,4006,4
968,satisfied,Loyal Customer,43,Personal Travel,Business,1045,5
969,satisfied,Loyal Customer,39,Business travel,Business,1856,5
970,satisfied,disloyal Customer,28,Business travel,Eco Plus,1846,4
971,satisfied,Loyal Customer,38,Personal Travel,Business,251,4
972,satisfied,Loyal Customer,57,Business travel,Business,728,4
973,satisfied,disloyal Customer,64,Business travel,Business,2693,5
974,satisfied,Loyal Customer,74,Business travel,Business,4822,5
975,satisfied,Loyal Customer,63,Personal Travel,Eco,635,2
976,satisfied,Loyal Customer,13,Personal Travel,Eco,1951,5
977,satisfied,Loyal Customer,18,Personal Travel,Eco,1825,4
978,satisfied,Loyal Customer,43,Business travel,Eco,202,5
979,satisfied,Loyal Customer,46,Business travel,Business,3586,4
980,satisfied,Loyal Customer,60,Business travel,Business,3309,4
981,satisfied,disloyal Customer,12,Business travel,Business,2179,4
982,satisfied,Loyal Customer,54,Business travel,Business,672,2
983,satisfied,Loyal Customer,48,Business travel,Business,2936,4
984,satisfied,Loyal Customer,39,Business travel,Business,2252,5
985,satisfied,Loyal Customer,58,Business travel,Business,1623,5
986,satisfied,Loyal Customer,33,Business travel,Business,3908,3
987,satisfied,Loyal Customer,48,Business travel,Business,937,4
988,satisfied,Loyal Customer,30,Business travel,Business,3568,4
989,satisfied,Loyal Customer,59,Personal Travel,Eco,2397,5
990,satisfied,Loyal Customer,23,Personal Travel,Eco,2751,5
991,satisfied,Loyal Customer,45,Personal Travel,Eco,1635,4
992,satisfied,Loyal Customer,32,Business travel,Business,1719,5
993,satisfied,Loyal Customer,40,Business travel,Business,681,4
994,satisfied,Loyal Customer,40,Business travel,Business,2756,4
995,satisfied,Loyal Customer,32,Business travel,Business,2803,4
996,satisfied,Loyal Customer,54,Personal Travel,Eco,1215,5
997,satisfied,Loyal Customer,41,Business travel,Business,3573,3
998,satisfied,Loyal Customer,28,Business travel,Business,4001,3
999,satisfied,Loyal Customer,38,Personal Travel,Eco,2036,4
1000,satisfied,Loyal Customer,36,Business travel,Business,2866,5
1001,satisfied,Loyal Customer,41,Personal Travel,Eco,2093,5
1002,satisfied,Loyal Customer,40,Business travel,Business,3982,5
1003,satisfied,Loyal Customer,48,Business travel,Business,1150,4
1004,satisfied,Loyal Customer,46,Business travel,Business,975,3
1005,satisfied,Loyal Customer,36,Business travel,Eco Plus,1568,5
1006,satisfied,Loyal Customer,65,Business travel,Eco Plus,265,5
1007,satisfied,Loyal Customer,24,Business travel,Business,1631,3
1008,satisfied,Loyal Customer,27,Business travel,Business,2692,1
1009,satisfied,Loyal Customer,53,Business travel,Business,2772,4
1010,satisfied,Loyal Customer,44,Personal Travel,Eco,2299,1
1011,satisfied,Loyal Customer,23,Business travel,Business,1644,5
1012,satisfied,Loyal Customer,22,Business travel,Business,4988,3
1013,satisfied,Loyal Customer,25,Personal Travel,Business,1409,4
1014,satisfied,Loyal Customer,48,Business travel,Eco,1881,2
1015,satisfied,Loyal Customer,45,Business travel,Business,2320,5
1016,satisfied,Loyal Customer,55,Business travel,Business,466,5
1017,satisfied,Loyal Customer,69,Personal Travel,Eco,392,4
1018,satisfied,Loyal Customer,56,Personal Travel,Eco,430,2
1019,satisfied,Loyal Customer,44,Business travel,Business,3362,5
1020,satisfied,Loyal Customer,53,Business travel,Business,332,4
1021,satisfied,Loyal Customer,44,Business travel,Business,789,4
1022,satisfied,Loyal Customer,35,Personal Travel,Eco,1177,3
1023,satisfied,Loyal Customer,31,Business travel,Business,3241,4
1024,satisfied,Loyal Customer,54,Business travel,Business,3470,4
1025,satisfied,Loyal Customer,21,Business travel,Business,5469,5
1026,satisfied,Loyal Customer,45,Business travel,Business,771,5
1027,satisfied,Loyal Customer,54,Business travel,Business,2561,4
1028,satisfied,Loyal Customer,54,Personal Travel,Eco,948,4
1029,satisfied,Loyal Customer,31,Business travel,Eco,1840,2
1030,satisfied,Loyal Customer,54,Business travel,Business,2077,5
1031,satisfied,Loyal Customer,54,Business travel,Business,3796,4
1032,satisfied,Loyal Customer,60,Business travel,Business,2107,5
1033,satisfied,Loyal Customer,23,Business travel,Eco,2708,5
1034,satisfied,disloyal Customer,38,Business travel,Business,1835,4
1035,satisfied,disloyal Customer,9,Business travel,Eco,2149,5
1036,satisfied,Loyal Customer,30,Personal Travel,Eco,1703,5
1037,satisfied,Loyal Customer,58,Business travel,Business,1857,5
1038,satisfied,Loyal Customer,39,Business travel,Business,1748,5
1039,satisfied,Loyal Customer,38,Personal Travel,Eco,1292,4
1040,satisfied,Loyal Customer,46,Personal Travel,Eco Plus,1199,4
1041,satisfied,Loyal Customer,35,Business travel,Business,2137,5
1042,satisfied,Loyal Customer,59,Business travel,Business,77,5
1043,satisfied,Loyal Customer,9,Personal Travel,Business,2088,4
1044,satisfied,Loyal Customer,38,Business travel,Business,2453,4
1045,satisfied,Loyal Customer,38,Business travel,Business,97,5
1046,satisfied,Loyal Customer,20,Personal Travel,Eco,1235,5
1047,satisfied,Loyal Customer,45,Business travel,Business,1461,5
1048,satisfied,Loyal Customer,52,Business travel,Business,2547,4
1049,satisfied,Loyal Customer,41,Business travel,Business,2597,3
1050,satisfied,Loyal Customer,43,Business travel,Business,3733,5
1051,satisfied,Loyal Customer,48,Personal Travel,Business,866,5
1052,satisfied,Loyal Customer,30,Business travel,Business,2946,5
1053,satisfied,Loyal Customer,50,Personal Travel,Eco Plus,856,5
1054,satisfied,Loyal Customer,48,Business travel,Business,3341,5
1055,satisfied,Loyal Customer,53,Business travel,Business,711,4
1056,satisfied,Loyal Customer,25,Business travel,Business,3954,4
1057,satisfied,Loyal Customer,53,Business travel,Business,2361,5
1058,satisfied,Loyal Customer,36,Business travel,Business,2742,5
1059,satisfied,Loyal Customer,60,Business travel,Business,3130,4
1060,satisfied,Loyal Customer,51,Personal Travel,Eco,340,5
1061,satisfied,Loyal Customer,39,Business travel,Business,2376,4
1062,satisfied,Loyal Customer,57,Business travel,Business,3729,5
1063,satisfied,Loyal Customer,60,Business travel,Business,2084,5
1064,satisfied,Loyal Customer,31,Personal Travel,Eco,1545,4
1065,satisfied,Loyal Customer,34,Business travel,Business,1015,5
1066,satisfied,Loyal Customer,26,Business travel,Business,1494,4
1067,satisfied,Loyal Customer,26,Personal Travel,Eco,1564,5
1068,satisfied,Loyal Customer,43,Business travel,Business,2838,5
1069,satisfied,Loyal Customer,56,Business travel,Business,975,3
1070,satisfied,Loyal Customer,31,Business travel,Business,5328,5
1071,satisfied,Loyal Customer,18,Business travel,Business,1796,5
1072,satisfied,Loyal Customer,44,Business travel,Business,2648,5
1073,satisfied,Loyal Customer,42,Business travel,Business,2011,4
1074,satisfied,Loyal Customer,42,Personal Travel,Eco,707,4
1075,satisfied,Loyal Customer,16,Personal Travel,Eco,2344,5
1076,satisfied,Loyal Customer,51,Personal Travel,Eco,513,4
1077,satisfied,Loyal Customer,21,Business travel,Business,2414,5
1078,satisfied,Loyal Customer,37,Business travel,Business,5109,5
1079,satisfied,Loyal Customer,47,Business travel,Business,3357,5
1080,satisfied,Loyal Customer,29,Personal Travel,Eco,1225,3
1081,satisfied,Loyal Customer,42,Business travel,Business,3644,4
1082,satisfied,Loyal Customer,40,Personal Travel,Eco,1857,5
1083,satisfied,Loyal Customer,49,Business travel,Business,804,4
1084,satisfied,Loyal Customer,51,Business travel,Eco,1295,3
1085,satisfied,disloyal Customer,25,Business travel,Business,1546,5
1086,satisfied,Loyal Customer,39,Business travel,Business,533,2
1087,satisfied,Loyal Customer,48,Business travel,Eco,1010,5
1088,satisfied,Loyal Customer,52,Business travel,Business,391,4
1089,satisfied,disloyal Customer,40,Business travel,Business,1726,1
1090,satisfied,Loyal Customer,47,Personal Travel,Eco,565,2
1091,satisfied,Loyal Customer,42,Business travel,Eco,878,2
1092,satisfied,disloyal Customer,21,Business travel,Business,2268,5
1093,satisfied,Loyal Customer,50,Business travel,Business,2290,5
1094,satisfied,Loyal Customer,13,Personal Travel,Business,1708,3
1095,satisfied,Loyal Customer,48,Personal Travel,Eco,1525,5
1096,satisfied,Loyal Customer,27,Business travel,Business,2325,3
1097,satisfied,Loyal Customer,51,Business travel,Business,2196,5
1098,satisfied,Loyal Customer,36,Business travel,Eco,2088,5
1099,satisfied,Loyal Customer,44,Business travel,Business,1184,5
1100,satisfied,Loyal Customer,39,Business travel,Eco,2095,4
1101,satisfied,Loyal Customer,57,Personal Travel,Eco Plus,1373,4
1102,satisfied,Loyal Customer,56,Business travel,Business,752,4
1103,satisfied,Loyal Customer,60,Business travel,Business,2765,1
1104,satisfied,Loyal Customer,51,Business travel,Business,2157,5
1105,satisfied,Loyal Customer,46,Business travel,Business,2840,5
1106,satisfied,Loyal Customer,25,Business travel,Business,3902,3
1107,satisfied,Loyal Customer,42,Business travel,Business,3876,5
1108,satisfied,Loyal Customer,54,Business travel,Business,877,5
1109,satisfied,Loyal Customer,37,Business travel,Business,532,5
1110,satisfied,Loyal Customer,66,Business travel,Business,3429,4
1111,satisfied,Loyal Customer,36,Business travel,Eco,1409,2
1112,satisfied,Loyal Customer,49,Business travel,Business,97,4
1113,satisfied,Loyal Customer,52,Business travel,Business,759,5
1114,satisfied,Loyal Customer,56,Business travel,Business,822,4
1115,satisfied,Loyal Customer,49,Business travel,Business,491,4
1116,satisfied,Loyal Customer,45,Personal Travel,Eco,357,3
1117,satisfied,Loyal Customer,38,Business travel,Eco,1978,1
1118,satisfied,Loyal Customer,28,Business travel,Business,2918,5
1119,satisfied,Loyal Customer,40,Business travel,Business,3084,5
1120,satisfied,Loyal Customer,54,Business travel,Business,2447,4
1121,satisfied,Loyal Customer,52,Business travel,Business,4519,4
1122,satisfied,Loyal Customer,20,Personal Travel,Eco,1625,4
1123,satisfied,Loyal Customer,51,Personal Travel,Eco,328,4
1124,satisfied,Loyal Customer,34,Personal Travel,Eco,1433,4
1125,satisfied,Loyal Customer,60,Business travel,Business,2062,5
1126,satisfied,Loyal Customer,26,Business travel,Business,3478,1
1127,satisfied,Loyal Customer,36,Business travel,Eco Plus,1606,4
1128,satisfied,Loyal Customer,48,Personal Travel,Eco,1316,4
1129,satisfied,Loyal Customer,70,Personal Travel,Eco,622,4
1130,satisfied,Loyal Customer,53,Personal Travel,Eco,658,5
1131,satisfied,Loyal Customer,45,Business travel,Business,2249,4
1132,satisfied,Loyal Customer,42,Business travel,Eco,336,4
1133,satisfied,Loyal Customer,50,Business travel,Business,581,2
1134,satisfied,Loyal Customer,47,Business travel,Business,999,4
1135,satisfied,Loyal Customer,40,Business travel,Business,347,1
1136,satisfied,Loyal Customer,27,Business travel,Business,1598,3
1137,satisfied,Loyal Customer,27,Personal Travel,Eco,967,5
1138,satisfied,Loyal Customer,53,Business travel,Eco,805,5
1139,satisfied,Loyal Customer,18,Personal Travel,Eco,1925,4
1140,satisfied,Loyal Customer,44,Business travel,Business,3119,4
1141,satisfied,Loyal Customer,46,Business travel,Business,3904,4
1142,satisfied,Loyal Customer,27,Personal Travel,Business,2178,5
1143,satisfied,Loyal Customer,51,Business travel,Business,3939,4
1144,satisfied,Loyal Customer,36,Business travel,Eco,1030,3
1145,satisfied,Loyal Customer,33,Business travel,Business,3074,5
1146,satisfied,Loyal Customer,25,Business travel,Business,3894,3
1147,satisfied,Loyal Customer,39,Business travel,Eco Plus,1554,2
1148,satisfied,Loyal Customer,45,Business travel,Eco Plus,828,5
1149,satisfied,Loyal Customer,41,Business travel,Eco,1520,3
1150,satisfied,disloyal Customer,25,Business travel,Eco,2636,3
1151,satisfied,Loyal Customer,41,Business travel,Business,1581,3
1152,satisfied,Loyal Customer,53,Business travel,Business,3381,5
1153,satisfied,Loyal Customer,36,Business travel,Eco Plus,2112,2
1154,satisfied,Loyal Customer,54,Personal Travel,Eco,377,1
1155,satisfied,Loyal Customer,28,Business travel,Business,2506,4
1156,satisfied,Loyal Customer,41,Business travel,Business,318,4
1157,satisfied,Loyal Customer,37,Business travel,Business,2370,4
1158,satisfied,Loyal Customer,43,Business travel,Business,407,5
1159,satisfied,Loyal Customer,54,Personal Travel,Eco Plus,410,5
1160,satisfied,Loyal Customer,49,Personal Travel,Eco,792,4
1161,satisfied,Loyal Customer,30,Business travel,Business,3935,3
1162,satisfied,Loyal Customer,49,Business travel,Business,1372,4
1163,satisfied,Loyal Customer,58,Business travel,Business,965,5
1164,satisfied,Loyal Customer,62,Business travel,Business,719,4
1165,satisfied,Loyal Customer,41,Business travel,Eco,1936,1
1166,satisfied,Loyal Customer,44,Business travel,Business,2142,3
1167,satisfied,Loyal Customer,50,Business travel,Business,2488,4
1168,satisfied,Loyal Customer,43,Business travel,Business,2954,4
1169,satisfied,Loyal Customer,25,Business travel,Business,3865,5
1170,satisfied,Loyal Customer,56,Business travel,Business,2151,3
1171,satisfied,Loyal Customer,39,Business travel,Eco,2170,1
1172,satisfied,Loyal Customer,49,Business travel,Business,3352,4
1173,satisfied,Loyal Customer,54,Business travel,Business,1867,3
1174,satisfied,Loyal Customer,43,Business travel,Business,2954,4
1175,satisfied,Loyal Customer,40,Personal Travel,Eco,1827,5
1176,satisfied,Loyal Customer,20,Personal Travel,Eco,2140,5
1177,satisfied,Loyal Customer,70,Personal Travel,Eco,382,2
1178,satisfied,Loyal Customer,42,Business travel,Business,639,4
1179,satisfied,Loyal Customer,37,Personal Travel,Business,554,5
1180,satisfied,Loyal Customer,35,Business travel,Business,115,5
1181,satisfied,Loyal Customer,51,Business travel,Business,3222,5
1182,satisfied,Loyal Customer,29,Business travel,Business,3507,3
1183,satisfied,Loyal Customer,43,Business travel,Business,2082,5
1184,satisfied,Loyal Customer,10,Personal Travel,Eco,2057,4
1185,satisfied,Loyal Customer,56,Business travel,Business,640,4
1186,satisfied,Loyal Customer,60,Personal Travel,Eco Plus,1507,3
1187,satisfied,Loyal Customer,25,Business travel,Business,2816,4
1188,satisfied,Loyal Customer,50,Business travel,Business,961,4
1189,satisfied,disloyal Customer,66,Business travel,Business,1546,5
1190,satisfied,Loyal Customer,68,Personal Travel,Eco,314,5
1191,satisfied,Loyal Customer,45,Business travel,Business,3381,3
1192,satisfied,disloyal Customer,39,Business travel,Business,1819,4
1193,satisfied,Loyal Customer,33,Business travel,Business,2681,4
1194,satisfied,Loyal Customer,46,Business travel,Eco,1101,3
1195,satisfied,Loyal Customer,40,Business travel,Business,2734,4
1196,satisfied,Loyal Customer,30,Personal Travel,Eco,2130,4
1197,satisfied,Loyal Customer,42,Business travel,Business,353,2
1198,satisfied,Loyal Customer,47,Business travel,Eco,1934,5
1199,satisfied,Loyal Customer,42,Business travel,Business,2525,4
1200,satisfied,Loyal Customer,50,Business travel,Eco Plus,2039,1
1201,satisfied,Loyal Customer,47,Personal Travel,Eco,792,5
1202,satisfied,Loyal Customer,41,Business travel,Business,394,3
1203,satisfied,Loyal Customer,18,Business travel,Business,4048,5
1204,satisfied,Loyal Customer,40,Business travel,Business,2427,5
1205,satisfied,Loyal Customer,47,Business travel,Business,1099,4
1206,satisfied,Loyal Customer,42,Business travel,Eco Plus,1461,2
1207,satisfied,Loyal Customer,60,Business travel,Business,2994,5
1208,satisfied,Loyal Customer,55,Business travel,Business,3558,4
1209,satisfied,Loyal Customer,50,Business travel,Business,2560,3
1210,satisfied,Loyal Customer,68,Personal Travel,Eco Plus,465,5
1211,satisfied,Loyal Customer,19,Personal Travel,Eco,1822,5
1212,satisfied,Loyal Customer,65,Personal Travel,Eco,960,5
1213,satisfied,Loyal Customer,56,Business travel,Business,3524,5
1214,satisfied,disloyal Customer,17,Business travel,Eco,1697,2
1215,satisfied,Loyal Customer,19,Business travel,Business,3009,5
1216,satisfied,Loyal Customer,50,Business travel,Business,3422,4
1217,satisfied,Loyal Customer,39,Business travel,Business,568,5
1218,satisfied,Loyal Customer,25,Personal Travel,Eco,3428,4
1219,satisfied,Loyal Customer,33,Personal Travel,Eco,1009,5
1220,satisfied,Loyal Customer,44,Business travel,Eco Plus,1022,5
1221,satisfied,Loyal Customer,46,Business travel,Business,1762,5
1222,satisfied,Loyal Customer,29,Personal Travel,Eco,1920,3
1223,satisfied,Loyal Customer,10,Personal Travel,Eco,1653,5
1224,satisfied,disloyal Customer,24,Business travel,Business,2058,5
1225,satisfied,Loyal Customer,39,Business travel,Eco Plus,2091,2
1226,satisfied,Loyal Customer,59,Business travel,Business,1667,5
1227,satisfied,Loyal Customer,42,Business travel,Business,3805,5
1228,satisfied,Loyal Customer,19,Business travel,Business,3631,1
1229,satisfied,disloyal Customer,30,Business travel,Business,2723,5
1230,satisfied,Loyal Customer,29,Business travel,Business,4695,5
1231,satisfied,Loyal Customer,49,Business travel,Business,2992,5
1232,satisfied,Loyal Customer,49,Business travel,Business,1804,5
1233,satisfied,Loyal Customer,45,Business travel,Business,1646,4
1234,satisfied,Loyal Customer,16,Business travel,Business,3302,4
1235,satisfied,Loyal Customer,27,Business travel,Business,4063,4
1236,satisfied,Loyal Customer,59,Business travel,Business,336,5
1237,satisfied,Loyal Customer,60,Personal Travel,Eco,410,5
1238,satisfied,Loyal Customer,39,Business travel,Business,1466,3
1239,satisfied,Loyal Customer,46,Business travel,Business,3099,5
1240,satisfied,Loyal Customer,66,Business travel,Business,3702,5
1241,satisfied,Loyal Customer,58,Business travel,Business,966,4
1242,satisfied,Loyal Customer,61,Business travel,Business,1581,5
1243,satisfied,Loyal Customer,23,Business travel,Business,4556,5
1244,satisfied,Loyal Customer,48,Business travel,Business,1738,4
1245,satisfied,Loyal Customer,38,Personal Travel,Eco,1663,3
1246,satisfied,Loyal Customer,30,Business travel,Eco Plus,1379,2
1247,satisfied,Loyal Customer,62,Personal Travel,Eco,510,5
1248,satisfied,Loyal Customer,35,Business travel,Business,2925,4
1249,satisfied,disloyal Customer,28,Business travel,Eco,1641,3
1250,satisfied,Loyal Customer,21,Personal Travel,Eco,1759,4
1251,satisfied,Loyal Customer,36,Business travel,Eco,3001,5
1252,satisfied,Loyal Customer,63,Personal Travel,Eco,1209,4
1253,satisfied,Loyal Customer,46,Business travel,Eco,2243,1
1254,satisfied,Loyal Customer,37,Personal Travel,Eco Plus,2150,5
1255,satisfied,Loyal Customer,38,Business travel,Eco Plus,1673,5
1256,satisfied,Loyal Customer,47,Business travel,Business,3271,4
1257,satisfied,Loyal Customer,33,Business travel,Business,4755,1
1258,satisfied,Loyal Customer,39,Business travel,Business,3650,4
1259,satisfied,Loyal Customer,36,Business travel,Business,119,3
1260,satisfied,Loyal Customer,58,Business travel,Business,590,4
1261,satisfied,Loyal Customer,25,Business travel,Business,1581,5
1262,satisfied,Loyal Customer,61,Personal Travel,Eco,575,4
1263,satisfied,Loyal Customer,43,Business travel,Eco,972,2
1264,satisfied,Loyal Customer,57,Business travel,Business,1472,2
1265,satisfied,Loyal Customer,37,Business travel,Business,691,5
1266,satisfied,Loyal Customer,24,Business travel,Business,3891,4
1267,satisfied,Loyal Customer,15,Personal Travel,Eco,1259,4
1268,satisfied,Loyal Customer,29,Personal Travel,Business,2282,4
1269,satisfied,Loyal Customer,53,Business travel,Business,3771,4
1270,satisfied,Loyal Customer,17,Personal Travel,Business,1222,5
1271,satisfied,Loyal Customer,68,Business travel,Eco,906,5
1272,satisfied,Loyal Customer,44,Business travel,Business,3085,5
1273,satisfied,Loyal Customer,33,Business travel,Business,88,5
1274,satisfied,Loyal Customer,51,Business travel,Eco,2922,4
1275,satisfied,Loyal Customer,36,Business travel,Business,2700,5
1276,satisfied,Loyal Customer,46,Personal Travel,Eco Plus,55,5
1277,satisfied,Loyal Customer,43,Business travel,Business,1601,5
1278,satisfied,Loyal Customer,33,Personal Travel,Eco,2449,1
1279,satisfied,Loyal Customer,29,Business travel,Business,4101,2
1280,satisfied,Loyal Customer,29,Business travel,Business,1536,4
1281,satisfied,Loyal Customer,49,Business travel,Business,2149,4
1282,satisfied,Loyal Customer,35,Business travel,Business,3600,5
1283,satisfied,Loyal Customer,55,Personal Travel,Eco,2529,5
1284,satisfied,Loyal Customer,44,Business travel,Business,2959,5
1285,satisfied,Loyal Customer,39,Personal Travel,Eco,2115,5
1286,satisfied,Loyal Customer,17,Personal Travel,Eco,2074,5
1287,satisfied,Loyal Customer,12,Personal Travel,Eco,1348,4
1288,satisfied,Loyal Customer,29,Business travel,Business,2940,4
1289,satisfied,Loyal Customer,58,Business travel,Business,1379,5
1290,satisfied,Loyal Customer,33,Business travel,Business,2501,4
1291,satisfied,Loyal Customer,23,Personal Travel,Business,2159,4
1292,satisfied,Loyal Customer,39,Personal Travel,Eco,3040,2
1293,satisfied,Loyal Customer,57,Business travel,Business,2846,5
1294,satisfied,Loyal Customer,44,Business travel,Business,3774,2
1295,satisfied,disloyal Customer,22,Business travel,Business,1806,5
1296,satisfied,Loyal Customer,65,Personal Travel,Eco,332,5
